Support;Fold 1;;;;Fold 2;;;;Fold 3;;;;Fold 4;;;;Fold 5;;;;Fold 6;;;;Fold 7;;;;Fold 8;;;;Fold 9;;;;Fold 10;;;;Overall
;10+;10-;16+;16-;10+;10-;16+;16-;10+;10-;16+;16-;10+;10-;16+;16-;10+;10-;16+;16-;10+;10-;16+;16-;10+;10-;16+;16-;10+;10-;16+;16-;10+;10-;16+;16-;10+;10-;16+;16-;10+;10-;16+;16-;AvgAccuracy;StdDev;MaxAccuracy
9;133;24;106;9;132;21;103;16;135;15;107;15;138;23;98;13;132;19;105;16;126;14;113;19;145;24;98;5;135;25;99;13;127;23;102;20;132;16;116;15;0.489549;0.074807;0.383938;0.051705;0.8735;0.0150;0.8934
;;;;;;;;;;;;;;;;;;;;;;;;;;;;;;;;;;;;;;;;;;;;;0.8735;0.0150;0.8934
