Support;Fold 1;;;;Fold 2;;;;Fold 3;;;;Fold 4;;;;Fold 5;;;;Fold 6;;;;Fold 7;;;;Fold 8;;;;Fold 9;;;;Fold 10;;;;Overall
;0+;0-;15+;15-;0+;0-;15+;15-;0+;0-;15+;15-;0+;0-;15+;15-;0+;0-;15+;15-;0+;0-;15+;15-;0+;0-;15+;15-;0+;0-;15+;15-;0+;0-;15+;15-;0+;0-;15+;15-;0+;0-;15+;15-;AvgAccuracy;StdDev;MaxAccuracy
7;547;8;283;24;539;10;284;29;559;2;287;14;546;4;288;24;478;30;278;76;541;18;280;23;538;4;309;11;540;41;261;20;549;15;283;15;539;2;301;22;0.623521;0.015542;0.331014;0.029923;0.9545;0.0297;0.9826
;;;;;;;;;;;;;;;;;;;;;;;;;;;;;;;;;;;;;;;;;;;;;0.9545;0.0297;0.9826
